{
  "roads": [
    {
      "vertices": [
        1,
        4
      ]
    },
    {
      "vertices": [
        1,
        5
      ]
    },
    {
      "vertices": [
        2,
        5
      ]
    },
    {
      "vertices": [
        2,
        6
      ]
    },
    {
      "vertices": [
        3,
        6
      ]
    },
    {
      "vertices": [
        3,
        7
      ]
    },
    {
      "vertices": [
        4,
        8
      ]
    },
    {
      "vertices": [
        5,
        9
      ]
    },
    {
      "vertices": [
        6,
        10
      ]
    },
    {
      "vertices": [
        7,
        11
      ]
    },
    {
      "vertices": [
        8,
        12
      ]
    },
    {
      "vertices": [
        8,
        13
      ]
    },
    {
      "vertices": [
        9,
        13
      ]
    },
    {
      "vertices": [
        9,
        14
      ]
    },
    {
      "vertices": [
        10,
        14
      ]
    },
    {
      "vertices": [
        10,
        15
      ]
    },
    {
      "vertices": [
        11,
        15
      ]
    },
    {
      "vertices": [
        11,
        16
      ]
    },
    {
      "vertices": [
        12,
        17
      ]
    },
    {
      "vertices": [
        13,
        18
      ]
    },
    {
      "vertices": [
        14,
        19
      ]
    },
    {
      "vertices": [
        15,
        20
      ]
    },
    {
      "vertices": [
        16,
        21
      ]
    },
    {
      "vertices": [
        17,
        22
      ]
    },
    {
      "vertices": [
        17,
        23
      ]
    },
    {
      "vertices": [
        18,
        23
      ]
    },
    {
      "vertices": [
        18,
        24
      ]
    },
    {
      "vertices": [
        19,
        24
      ]
    },
    {
      "vertices": [
        19,
        25
      ]
    },
    {
      "vertices": [
        20,
        25
      ]
    },
    {
      "vertices": [
        20,
        26
      ]
    },
    {
      "vertices": [
        21,
        26
      ]
    },
    {
      "vertices": [
        21,
        27
      ]
    },
    {
      "vertices": [
        22,
        28
      ]
    },
    {
      "vertices": [
        23,
        29
      ]
    },
    {
      "vertices": [
        24,
        30
      ]
    },
    {
      "vertices": [
        25,
        31
      ]
    },
    {
      "vertices": [
        26,
        32
      ]
    },
    {
      "vertices": [
        27,
        33
      ]
    },
    {
      "vertices": [
        28,
        34
      ]
    },
    {
      "vertices": [
        29,
        34
      ]
    },
    {
      "vertices": [
        29,
        35
      ]
    },
    {
      "vertices": [
        30,
        35
      ]
    },
    {
      "vertices": [
        30,
        36
      ]
    },
    {
      "vertices": [
        31,
        36
      ]
    },
    {
      "vertices": [
        31,
        37
      ]
    },
    {
      "vertices": [
        32,
        37
      ]
    },
    {
      "vertices": [
        32,
        38
      ]
    },
    {
      "vertices": [
        33,
        38
      ]
    },
    {
      "vertices": [
        34,
        39
      ]
    },
    {
      "vertices": [
        35,
        40
      ]
    },
    {
      "vertices": [
        36,
        41
      ]
    },
    {
      "vertices": [
        37,
        42
      ]
    },
    {
      "vertices": [
        38,
        43
      ]
    },
    {
      "vertices": [
        39,
        44
      ]
    },
    {
      "vertices": [
        40,
        44
      ]
    },
    {
      "vertices": [
        40,
        45
      ]
    },
    {
      "vertices": [
        41,
        45
      ]
    },
    {
      "vertices": [
        41,
        46
      ]
    },
    {
      "vertices": [
        42,
        46
      ]
    },
    {
      "vertices": [
        42,
        47
      ]
    },
    {
      "vertices": [
        43,
        47
      ]
    },
    {
      "vertices": [
        44,
        48
      ]
    },
    {
      "vertices": [
        45,
        49
      ]
    },
    {
      "vertices": [
        46,
        50
      ]
    },
    {
      "vertices": [
        47,
        51
      ]
    },
    {
      "vertices": [
        48,
        52
      ]
    },
    {
      "vertices": [
        49,
        52
      ]
    },
    {
      "vertices": [
        49,
        53
      ]
    },
    {
      "vertices": [
        50,
        53
      ]
    },
    {
      "vertices": [
        50,
        54
      ]
    },
    {
      "vertices": [
        51,
        54
      ]
    }
  ]
}